<?xml version="1.0" encoding="UTF-8"?>
<beans xmlns="http://www.springframework.org/schema/beans" xmlns:xsi="http://www.w3.org/2001/XMLSchema-instance" xmlns:tx="http://www.springframework.org/schema/tx" xmlns:aop="http://www.springframework.org/schema/aop" xsi:schemaLocation="
http://www.springframework.org/schema/beans 
http://www.springframework.org/schema/beans/spring-beans-3.0.xsd 
http://www.springframework.org/schema/tx 
http://www.springframework.org/schema/tx/spring-tx-3.0.xsd
http://www.springframework.org/schema/aop 
http://www.springframework.org/schema/aop/spring-aop-3.0.xsd
">
 
	<!-- 配置数据源 
	Druid是Java语言中最好的数据库连接池。Druid能够提供强大的监控和扩展功能。
	-->
	<bean name="dataSource" class="com.alibaba.druid.pool.DruidDataSource" init-method="init" destroy-method="close">
		<property name="url" value="${jdbc_url}" />
		<property name="username" value="${jdbc_username}" />
		<property name="password" value="${jdbc_password}" />
 
		<!-- 初始化连接大小 -->
		<property name="initialSize" value="0" />
		<!-- 连接池最大使用连接数量 -->
		<property name="maxActive" value="20" />
		<!-- 连接池最大空闲 -->
		<property name="maxIdle" value="20" />
		<!-- 连接池最小空闲 -->
		<property name="minIdle" value="0" />
		<!-- 获取连接最大等待时间 -->
		<property name="maxWait" value="60000" />
		<!-- mysql 不支持 poolPreparedStatements-->  
		<!-- 
		<property name="poolPreparedStatements" value="true" /> 
		<property name="maxPoolPreparedStatementPerConnectionSize" value="33" /> 
		-->
		<!-- 验证数据库连接的查询语句，这个查询语句必须是至少返回一条数据的SELECT语句。 -->
		<property name="validationQuery" value="${validationQuery}" />
		<!-- 申请连接时执行validationQuery检测连接是否有效，做了这个配置会降低性能。 -->
		<property name="testOnBorrow" value="false" />
		<!-- 归还连接时执行validationQuery检测连接是否有效，做了这个配置会降低性能 -->
		<property name="testOnReturn" value="false" />
		<!-- 建议配置为true，不影响性能，并且保证安全性。申请连接的时候检测，
		如果空闲时间大于timeBetweenEvictionRunsMillis，执行validationQuery检测连接是否有效。 -->
		<property name="testWhileIdle" value="true" />
 
		<!-- 配置间隔多久才进行一次检测，检测需要关闭的空闲连接，单位是毫秒 -->
		<property name="timeBetweenEvictionRunsMillis" value="60000" />
		<!-- 配置一个连接在池中最小生存的时间，单位是毫秒 -->
		<property name="minEvictableIdleTimeMillis" value="25200000" />
		<!-- 打开removeAbandoned功能 -->
		<property name="removeAbandoned" value="true" />
		<!-- 1800秒，也就是30分钟 -->
		<property name="removeAbandonedTimeout" value="1800" />
		<!-- 关闭abanded连接时输出错误日志 -->
		<property name="logAbandoned" value="true" />
		<!-- 开启Druid的监控统计功能   监控数据库
        <property name="filters" value="stat" />  -->
		<property name="filters" value="mergeStat" />
	</bean>
 
	<!-- myBatis文件 
		创建工厂 bean
		 SqlSessionFactoryBean 实现了 Spring 的 FactoryBean 接口
	-->
	<bean id="sqlSessionFactory" class="org.mybatis.spring.SqlSessionFactoryBean">
		<!--  可以是任意 的 DataSource,其配置应该和其它 Spring 数据库连接是一样的。-->
		<property name="dataSource" ref="dataSource" />
		<!-- 自动扫描entity目录, 省掉Configuration.xml里的手工配置 -->
		<property name="mapperLocations" value="classpath:com/jsx/mapping/*.xml" />
	</bean>
	<!-- 
	Mybatis MapperScannerConfigurer 自动扫描 将Mapper接口生成代理注入到Spring
	MapperFactoryBean 创建的代理类实现了 UserMapper 接口,并且注入到应用程序中。 
	因为代理创建在运行时环境中(Runtime,译者注) ,那么指定的映射器必须是一个接口,而 不是一个具体的实现类。
	缺点有很多的配置文件时 全部需要手动编写。
	没有必要在 Spring 的 XML 配置文件中注册所有的映射器。相反,你可以使用一个 MapperScannerConfigurer ,
	 它 将 会 查 找 类 路 径 下 的 映 射 器 并 自 动 将 它 们 创 建 成 MapperFactoryBean。
	 MapperScannerConfigurer 支 持 过 滤 由 指 定 的 创 建 接 口 或 注 解 创 建 映 射 器 。 annotationClass 属性指定了要寻找的注解名称。 
	 markerInterface 属性指定了要寻找的父 接口。如果两者都被指定了,加入到接口中的映射器会匹配两种标准。
	 默认情况下,这两个 属性都是 null,所以在基包中给定的所有接口可以作为映射器加载。
	 -->
	<bean class="org.mybatis.spring.mapper.MapperScannerConfigurer">
		<property name="basePackage" value="com.jsx.dao" />
		<property name="sqlSessionFactoryBeanName" value="sqlSessionFactory" />
	</bean>
 
	<!-- 配置事务管理器 -->
	<bean id="transactionManager" class="org.springframework.jdbc.datasource.DataSourceTransactionManager">
		<property name="dataSource" ref="dataSource" />
	</bean>
 
	<!-- 注解方式配置事物 -->
	<!-- <tx:annotation-driven transaction-manager="transactionManager" /> -->
 
	<!-- 拦截器方式配置事物 
	spring有很多事物管理，其中很多都是被淘汰的了，企业一直在用，最好配置方法如下，配置事务之后，用切面直接切入所有servic层
	-->
	<tx:advice id="transactionAdvice" transaction-manager="transactionManager">
		<tx:attributes>
			<tx:method name="add*" propagation="REQUIRED" />
			<tx:method name="append*" propagation="REQUIRED" />
			<tx:method name="insert*" propagation="REQUIRED" />
			<tx:method name="save*" propagation="REQUIRED" />
			<tx:method name="update*" propagation="REQUIRED" />
			<tx:method name="modify*" propagation="REQUIRED" />
			<tx:method name="edit*" propagation="REQUIRED" />
			<tx:method name="delete*" propagation="REQUIRED" />
			<tx:method name="remove*" propagation="REQUIRED" />
			<tx:method name="repair" propagation="REQUIRED" />
			<tx:method name="delAndRepair" propagation="REQUIRED" />
 
			<tx:method name="get*" propagation="SUPPORTS" />
			<tx:method name="find*" propagation="SUPPORTS" />
			<tx:method name="load*" propagation="SUPPORTS" />
			<tx:method name="search*" propagation="SUPPORTS" />
			<tx:method name="datagrid*" propagation="SUPPORTS" />
 
			<tx:method name="*" propagation="SUPPORTS" />
		</tx:attributes>
	</tx:advice>
	<aop:config>
		<aop:pointcut id="transactionPointcut" expression="execution(* com.jsx.service..*Impl.*(..))" />
		<aop:advisor pointcut-ref="transactionPointcut" advice-ref="transactionAdvice" />
	</aop:config>
 
 
	<!-- 配置druid监控spring jdbc 
		至于Druid是一个用于大数据实时查询和分析的高容错、高性能开源分布式系统，旨在快速处理大规模的数据，并能够实现快速查询和分析。
		尤其是当发生代码部署、机器故障以及其他产品系统遇到宕机等情况时，Druid仍能够保持100%正常运行。
		创建Druid的最初意图主要是为了解决查询延迟问题，当时试图使用Hadoop来实现交互式查询分析，但是很难满足实时分析的需要。
		而Druid提供了以交互方式访问数据的能力，并权衡了查询的灵活性和性能而采取了特殊的存储格式
		
		Druid是为OLAP工作流的探索性分析而构建，它支持各种过滤、聚合和查询等类；
		Druid的低延迟数据摄取架构允许事件在它们创建后毫秒内可被查询到；
		Druid的数据在系统更新时依然可用，规模的扩大和缩小都不会造成数据丢失；
		Druid已实现每天能够处理数十亿事件和TB级数据;
	-->
	<bean id="druid-stat-interceptor" class="com.alibaba.druid.support.spring.stat.DruidStatInterceptor"></bean>
	<bean id="druid-stat-pointcut" class="org.springframework.aop.support.JdkRegexpMethodPointcut" scope="prototype">
		<property name="patterns">
			<list>
				<value>com.jsx.service.*</value>
			</list>
		</property>
	</bean>
	
	<aop:config>
		<aop:advisor advice-ref="druid-stat-interceptor" pointcut-ref="druid-stat-pointcut" />
	</aop:config>
</beans>
