<?xml version="1.0" encoding="UTF-8"?>
<!DOCTYPE mapper PUBLIC "-//mybatis.org//DTD Mapper 3.0//EN" "http://mybatis.org/dtd/mybatis-3-mapper.dtd">
<mapper namespace="com.jsx.dao.IdcardMapper">
  <resultMap id="BaseResultMap" type="com.jsx.model.Idcard">
    <id column="id" jdbcType="INTEGER" property="id" />
    <result column="username" jdbcType="VARCHAR" property="username" />
    <result column="idno" jdbcType="VARCHAR" property="idno" />
    <result column="bankno" jdbcType="VARCHAR" property="bankno" />
    <result column="telphone" jdbcType="VARCHAR" property="telphone" />
    <result column="descption" jdbcType="VARCHAR" property="descption" />
    <result column="num" jdbcType="INTEGER" property="num" />
  </resultMap>
  <sql id="Base_Column_List">
    id, username, idno, bankno, telphone, descption, num
  </sql>
  <select id="selectByPrimaryKey" parameterType="java.lang.Integer" resultMap="BaseResultMap">
    select 
    <include refid="Base_Column_List" />
    from idcard
    where id = #{id,jdbcType=INTEGER}
  </select>
  <delete id="deleteById" parameterType="java.lang.Integer">
    delete from idcard
    where id = #{id,jdbcType=INTEGER}
  </delete>
  <insert id="insert" parameterType="com.jsx.model.Idcard">
    insert into idcard (id, username, idno, 
      bankno, telphone, descption, 
      num)
    values (#{id,jdbcType=INTEGER}, #{username,jdbcType=VARCHAR}, #{idno,jdbcType=VARCHAR}, 
      #{bankno,jdbcType=VARCHAR}, #{telphone,jdbcType=VARCHAR}, #{descption,jdbcType=VARCHAR}, 
      #{num,jdbcType=INTEGER})
  </insert>
  <insert id="insertSelect" parameterType="com.jsx.model.Idcard">
    insert into idcard
    <trim prefix="(" suffix=")" suffixOverrides=",">
      <if test="id != null">
        id,
      </if>
      <if test="username != null">
        username,
      </if>
      <if test="idno != null">
        idno,
      </if>
      <if test="bankno != null">
        bankno,
      </if>
      <if test="telphone != null">
        telphone,
      </if>
      <if test="descption != null">
        descption,
      </if>
      <if test="num != null">
        num,
      </if>
    </trim>
    <trim prefix="values (" suffix=")" suffixOverrides=",">
      <if test="id != null">
        #{id,jdbcType=INTEGER},
      </if>
      <if test="username != null">
        #{username,jdbcType=VARCHAR},
      </if>
      <if test="idno != null">
        #{idno,jdbcType=VARCHAR},
      </if>
      <if test="bankno != null">
        #{bankno,jdbcType=VARCHAR},
      </if>
      <if test="telphone != null">
        #{telphone,jdbcType=VARCHAR},
      </if>
      <if test="descption != null">
        #{descption,jdbcType=VARCHAR},
      </if>
      <if test="num != null">
        #{num,jdbcType=INTEGER},
      </if>
    </trim>
  </insert>
  <update id="updateBySelect" parameterType="com.jsx.model.Idcard">
    update idcard
    <set>
      <if test="username != null">
        username = #{username,jdbcType=VARCHAR},
      </if>
      <if test="idno != null">
        idno = #{idno,jdbcType=VARCHAR},
      </if>
      <if test="bankno != null">
        bankno = #{bankno,jdbcType=VARCHAR},
      </if>
      <if test="telphone != null">
        telphone = #{telphone,jdbcType=VARCHAR},
      </if>
      <if test="descption != null">
        descption = #{descption,jdbcType=VARCHAR},
      </if>
      <if test="num != null">
        num = #{num,jdbcType=INTEGER},
      </if>
    </set>
    where id = #{id,jdbcType=INTEGER}
  </update>
  <update id="updateById" parameterType="com.jsx.model.Idcard">
    update idcard
    set username = #{username,jdbcType=VARCHAR},
      idno = #{idno,jdbcType=VARCHAR},
      bankno = #{bankno,jdbcType=VARCHAR},
      telphone = #{telphone,jdbcType=VARCHAR},
      descption = #{descption,jdbcType=VARCHAR},
      num = #{num,jdbcType=INTEGER}
    where id = #{id,jdbcType=INTEGER}
  </update>
  <resultMap id="BaseResultMap" type="com.jsx.model.Idcard">
    <id column="id" jdbcType="INTEGER" property="id" />
    <result column="username" jdbcType="VARCHAR" property="username" />
    <result column="idno" jdbcType="VARCHAR" property="idno" />
    <result column="bankno" jdbcType="VARCHAR" property="bankno" />
    <result column="telphone" jdbcType="VARCHAR" property="telphone" />
    <result column="descption" jdbcType="VARCHAR" property="descption" />
    <result column="num" jdbcType="INTEGER" property="num" />
  </resultMap>
  <sql id="Base_Column_List">
    id, username, idno, bankno, telphone, descption, num
  </sql>
  <select id="selectByPrimaryKey" parameterType="java.lang.Integer" resultMap="BaseResultMap">
    select 
    <include refid="Base_Column_List" />
    from idcard
    where id = #{id,jdbcType=INTEGER}
  </select>
  <delete id="deleteById" parameterType="java.lang.Integer">
    delete from idcard
    where id = #{id,jdbcType=INTEGER}
  </delete>
  <insert id="insert" parameterType="com.jsx.model.Idcard">
    insert into idcard (id, username, idno, 
      bankno, telphone, descption, 
      num)
    values (#{id,jdbcType=INTEGER}, #{username,jdbcType=VARCHAR}, #{idno,jdbcType=VARCHAR}, 
      #{bankno,jdbcType=VARCHAR}, #{telphone,jdbcType=VARCHAR}, #{descption,jdbcType=VARCHAR}, 
      #{num,jdbcType=INTEGER})
  </insert>
  <insert id="insertSelect" parameterType="com.jsx.model.Idcard">
    insert into idcard
    <trim prefix="(" suffix=")" suffixOverrides=",">
      <if test="id != null">
        id,
      </if>
      <if test="username != null">
        username,
      </if>
      <if test="idno != null">
        idno,
      </if>
      <if test="bankno != null">
        bankno,
      </if>
      <if test="telphone != null">
        telphone,
      </if>
      <if test="descption != null">
        descption,
      </if>
      <if test="num != null">
        num,
      </if>
    </trim>
    <trim prefix="values (" suffix=")" suffixOverrides=",">
      <if test="id != null">
        #{id,jdbcType=INTEGER},
      </if>
      <if test="username != null">
        #{username,jdbcType=VARCHAR},
      </if>
      <if test="idno != null">
        #{idno,jdbcType=VARCHAR},
      </if>
      <if test="bankno != null">
        #{bankno,jdbcType=VARCHAR},
      </if>
      <if test="telphone != null">
        #{telphone,jdbcType=VARCHAR},
      </if>
      <if test="descption != null">
        #{descption,jdbcType=VARCHAR},
      </if>
      <if test="num != null">
        #{num,jdbcType=INTEGER},
      </if>
    </trim>
  </insert>
  <update id="updateBySelect" parameterType="com.jsx.model.Idcard">
    update idcard
    <set>
      <if test="username != null">
        username = #{username,jdbcType=VARCHAR},
      </if>
      <if test="idno != null">
        idno = #{idno,jdbcType=VARCHAR},
      </if>
      <if test="bankno != null">
        bankno = #{bankno,jdbcType=VARCHAR},
      </if>
      <if test="telphone != null">
        telphone = #{telphone,jdbcType=VARCHAR},
      </if>
      <if test="descption != null">
        descption = #{descption,jdbcType=VARCHAR},
      </if>
      <if test="num != null">
        num = #{num,jdbcType=INTEGER},
      </if>
    </set>
    where id = #{id,jdbcType=INTEGER}
  </update>
  <update id="updateById" parameterType="com.jsx.model.Idcard">
    update idcard
    set username = #{username,jdbcType=VARCHAR},
      idno = #{idno,jdbcType=VARCHAR},
      bankno = #{bankno,jdbcType=VARCHAR},
      telphone = #{telphone,jdbcType=VARCHAR},
      descption = #{descption,jdbcType=VARCHAR},
      num = #{num,jdbcType=INTEGER}
    where id = #{id,jdbcType=INTEGER}
  </update>
</mapper>