<?xml version="1.0" encoding="UTF-8" ?>
<!DOCTYPE mapper PUBLIC "-//mybatis.org//DTD Mapper 3.0//EN" 
"http://mybatis.org/dtd/mybatis-3-mapper.dtd" >
 
<mapper namespace="com.jsx.dao.UserDao" >
  <resultMap id="UserMap" type="com.jsx.model.User" >
    <id column="id" property="id" jdbcType="VARCHAR" />
    <result column="username" property="username" jdbcType="VARCHAR" />
    <result column="password" property="password" jdbcType="VARCHAR" />
  </resultMap>
  
  <sql id="Base_Column_List" >
    id, username, password
  </sql>
  
  <select id="selectByPrimaryKey" resultMap="UserMap" parameterType="com.jsx.model.User" >
    select 
    <include refid="Base_Column_List" />
    from adminuser
    where id = #{id}
  </select>
  
  <select id="selectByUsernameAndPassword" resultMap="UserMap" parameterType="com.jsx.model.User" >
    select * from adminuser
    where username = #{username} and password = #{password}
  </select>
  
  <delete id="deleteByPrimaryKey" parameterType="com.jsx.model.User" >
    delete from adminuser
    where id = #{id}
  </delete>
  
  <insert id="insert" parameterType="com.jsx.model.User" useGeneratedKeys="true" keyProperty="id">
    insert into adminuser (username, password)
    values (#{username,jdbcType=VARCHAR}, #{password,jdbcType=VARCHAR})
  </insert>
  
  <insert id="insertSelective" parameterType="com.jsx.model.User" >
    insert into adminuser
    <trim prefix="(" suffix=")" suffixOverrides="," >
      <if test="username != null" >
        username,
      </if>
      <if test="password != null" >
        password,
      </if>
    </trim>
    <trim prefix="values (" suffix=")" suffixOverrides="," >
      <if test="username != null" >
        #{username,jdbcType=VARCHAR},
      </if>
      <if test="password != null" >
        #{password,jdbcType=VARCHAR},
      </if>
    </trim>
  </insert>
  
  <update id="updateByPrimaryKeySelective" parameterType="com.jsx.model.User" >
    update adminuser
    <set >
      <if test="username != null" >
        username = #{username,jdbcType=VARCHAR},
      </if>
      <if test="password != null" >
        password = #{password,jdbcType=VARCHAR},
      </if>
    </set>
    where id = #{id}
  </update>
  
  <update id="updateByPrimaryKey" parameterType="com.jsx.model.User" >
    update adminuser
    set username = #{username,jdbcType=VARCHAR},
      password = #{password,jdbcType=VARCHAR}
    where id = #{id}
  </update>
  
  <select id="getAll" resultMap="UserMap">
  	SELECT * FROM adminuser
  </select>
  
</mapper>